,word,rhyme,opposite
0,cama,llama,camel
1,cattalo,buffalo[1],cattle
2,donkra,zebra,donkey
3,geep,sheep,goat
4,grolar bear,polar,grizzly bear
5,hebra,zebra,horse
6,hinny,jenny,horse
7,humanzee,chimpanzee,human
8,humster,hamster,human
9,llamanaco,guanaco[2],llama
10,pacovicuña,vicuña,alpaca
11,pizzly bear,grizzly,polar bear
12,pumpkingill,bluegill,pumpkinseed
13,splake,female,speckled male brook trout
14,sturddlefish,American,Russian sturgeon
15,wallaroo,kangaroo,wallaby
16,wholphin,dolphin[1],whale
17,yakow,cow,yak
18,yattle,cattle,yak
19,zedonk,donkey,zebra
20,zorse,horse,zebra
21,blynx,lynx,bobcat
22,bougar,cougar,bobcat
23,caraval,serval,caracal
24,leopon,lion[1],leopard
25,liger,tiger,lion
26,liliger,liger,lion
27,pumapard,leopard,puma
28,tigon,lion,tiger
29,cockapoo,poodle[1],cocker spaniel
30,dorgi,Welsh,dachshund
31,goldendoodle,poodle,golden retriever
32,Labradoodle,poodle,Labrador retriever
33,Maltipoo,poodle,Maltese
34,Pekapoo,poodle,Pekingese
35,puggle,beagle,pug
36,schnoodle,poodle,schnauzer
37,Aristocats,cats,aristocrats
38,buggalo,buffalo,bug
39,jackalope,antelope,jackrabbit
40,mammophant,elephant,mammoth
41,pegacorn,unicorn,pegasus
42,Pigasus,Pegasus,pig
43,Predalien,Alien,Predator
44,Squirtle,turtle,squirt
45,Agitpop,pop,agitprop
46,animatronics,electronics,animation
47,animutation,mutation,animation
48,Animusic,music,animation
49,auditorial,editorial,audio
50,autobiografiction,fiction,autobiography
51,autofiction,fiction,autobiography
52,Barbenheimer,Oppenheimer,Barbie
53,batarang,boomerang,bat
54,Belieber,Justin,believer
55,Bennifer,Jennifer,Ben Affleck
56,Beychella,Coachella,Beyoncé
57,biopic,motion,biographical
58,blaxploitation,exploitation,black
59,bleen,green,blue
60,blurple,purple,blue
61,Boglins,goblins,bog
62,Bollywood,Hollywood,Bombay
63,Bootylicious,delicious,booty
64,Brangelina,Angelina,Brad Pitt
65,Britcom,comedy,British
66,Britpop,pop,British
67,bromance,romance,brother
68,bromantic,"romantic,",bro
69,Brony,pony,bro
70,Bruceploitation,exploitation,Bruce Lee
71,Californication,fornication,California
72,cassingle,single,cassette
73,Chamillionaire,millionaire,chameleon
74,Chesterbelloc,Hilaire,G. K. Chesterton
75,Cinedigm,paradigm,cinema
76,Cinemax,maximum,cinema
77,claymation,animation,clay
78,Death 'n' roll,rock,death metal
79,disasterpiece,masterpiece[3],disaster
80,disemvoweling,vowel,disemboweling
81,Dhallywood,Hollywood,Dhaka
82,docudrama,drama,documentary
83,docuseries,series,documentary
84,docusoap,soap,documentary
85,Dollywood,Hollywood,Dolly Parton
86,Draculaura,name,Dracula
87,dramedy,comedy,drama
88,edutainment,entertainment,education
89,Electrocutioner,executioner,electrocution
90,faction,fiction,fact
91,fanac,activity,fan
92,fanslation,translation,fan
93,fanzine,magazine,fan
94,fauxligraphy,calligraphy,faux
95,fauxlography,holography,faux
96,fauxtography,photography,faux
97,FUNimation,animation,fun
98,Funkadelic,psychedelic,funk
99,Galentine's Day,Valentine's,gals
100,Gleeks,geeks,Glee
101,glitterati,literati,glitter
102,Governator,Terminator,governor
103,Gojira,鯨,"ゴリラ (gorira, ""gorilla"")"
104,Görliwood,"Hollywood,",Görlitz
105,greige,beige,grey
106,grue,blue,green
107,Hamburglar,burglar,hamburger
108,Hatchimals,animals,hatch
109,ignorati,literati,ignorant
110,infomercial,commercial,information
111,infotainment,entertainment,information
112,Jamiroquai,Iroquois,Jam (session)
113,Japanoise,noise,Japanese
114,Jollywood,Hollywood,Jyoti Chitraban Film Studio
115,Kollywood,Hollywood,Kodambakkam
116,Kripkenstein,Ludwig,Saul Kripke
117,latensification,intensification,latent
118,literotica,erotica,literature
119,Lollywood,Hollywood,Lahore
120,machinima,cinema,machine
121,Megxit,exit,"Meghan, Duchess of Sussex"
122,Metroidvania,Castlevania,Metroid
123,Mephiskapheles,ska,Mephistopheles
124,militainment,entertainment,military
125,mockbuster,blockbuster,mock
126,mockumentary,documentary[1],mock
127,Monokuma,Japanese,monochrome
128,Mouseketeer,musketeer,Mickey Mouse
129,Muppet,puppet,marionette
130,newscast,broadcast,news
131,Nedna,ers,Ned Fl
132,Nollywood,Hollywood,Nigeria
133,Odditorium,auditorium,odd
134,Ollywood,Hollywood,Odia
135,Pallywood,Hollywood,Palestinian
136,Parcheesi,pachisi,Parker Brothers
137,Pensieve,sieve,pensive
138,presstitutes,prostitutes,press
139,prequiem,requiem,preemptive
140,psychobilly,rockabilly,psycho
141,rainscaping,l,rain
142,reprography,photography[1],reproduce
143,rockabilly,hillbilly,rock
144,rockumentary,documentary,rock
145,scanlation,"translation,",scan
146,schlockumentary,documentary,schlock
147,seascape,l,sea
148,sextra,extra,sex
149,shockumentary,documentary,shock
150,showmance,romance,show business
151,sidequel,sequel,side
152,Siliwood,Hollywood,Silicon Valley
153,skinema,cinema,skin
154,Skinemax,Cinemax,skin
155,Slingo,bingo,slots
156,smark,mark,smart
157,soundscape,l,sound
158,Spraycation,spraypainting,vacation
159,Stucky,Bucky,Steve Rogers
160,Tamagotchi,uotchi,"tamago (Japanese for ""egg"")"
161,telegenic,photogenic,television
162,teleidoscope,kaleidoscope,telescope
163,televangelist,evangelist,television
164,Tollywood,Hollywood,Tollygunge (when referring to West Bengal cinema) or Telugu (when referring to Telugu cinema)
165,TomKat,Katie,Tom Cruise
166,tragicomedy,comedy,tragedy
167,Treknology,technology,Star Trek
168,Truckasaurus,Tyrannosaurus,truck
169,Unwindulax,relax,unwind
170,Valleywood,Hollywood,Wye Valley
171,Wagatha Christie,Agatha,"the football term ""WAGs"""
172,Waluigi,the,"Japanese warui (""bad"")"
173,Wario,the,Japanese warui
174,Wellywood,Hollywood,Wellington
175,anklet,bracelet,ankle
176,armlet,bracelet,arm
177,burkini,bikini,burka
178,camikini,bikini,camisole
179,cosplay,roleplay,costume
180,crossplay,cosplay[5],crossdressing
181,dayjamas,pajamas,daytime
182,draids,braids,dreadlocks
183,facekini,bikini,face
184,fauxhawk,mohawk,faux
185,flagkini,bikini,flag
186,floordrobe,wardrobe,floor
187,glamazon,Amazon,glamorous
188,groutfit,outfit,gray
189,halterkini,bikini,halter top
190,jeggings,leggings[1],jeans
191,Jewfro,afro,Jew
192,jorts,shorts,jeans
193,mankini,bikini,man
194,manscaping,l,man
195,manssiere,brassiere,man
196,manzilian,Brazilian,man
197,meggings,leggings,man
198,metrosexual,heterosexual,metropolitan
199,murse,"purse,",man
200,Nair,hair,no
201,pleather,leather,plastic
202,pubikini,bikini,pubic
203,seekini,bikini,see-through
204,shaxing,waxing,shaving
205,skirtini,bikini,skirt
206,skort,short,skirt
207,skullet,mullet,skull
208,slingkini,bikini,slingshot
209,starburns,sideburns,star
210,stringkini,bikini,string
211,tactleneck,turtleneck,tactical
212,tankini,bikini,tank top
213,tanorexia,anorexia,tan
214,tantoo,tattoo,tan
215,tapekini,bikini,tape
216,treggings,leggings,trousers
217,trikini,bikini,triple
218,vabbing,dabbing,vagina
219,vajazzle,bedazzle,vagina
220,vajungle,jungle,vagina
221,vattoo,tattoo,vagina
222,Velcro,crochet,velvet
223,escopetarra,guitarra,Spanish escopeta (shotgun/rifle)
224,flumpet,trumpet,flugelhorn
225,guitalele,ukulele,guitar
226,guitalin,m,guitar
227,keytar,guitar,keyboard
228,sympitar,guitar,sympathetic string
229,tromboon,bassoon,trombone
230,ukelin,violin,ukulele
231,Alphabear,bear,alphabet
232,Animaniacs,maniacs,animated
233,Animatrix,The,anime
234,Banjo-Tooie,two,Banjo-Kazooie
235,BASEketball,basketball,baseball
236,The Beverly Hillbillies,hillbillies,Beverly Hills
237,Blacula,Dracula,black
238,Bunnicula,Dracula,bunny
239,Castlevania,Transylvania,castle
240,Crooklyn,Brooklyn,crook
241,Disturbia,suburbia,disturbed
242,Ennuigi,Luigi,ennui
243,ElimiDate,date,eliminate
244,Evilution,evolution,evil
245,Fergalicious,delicious,Fergie
246,Floribama Shore,Alabama,Florida
247,Frankenfish,fish,Frankenstein
248,Funderdome,Thunderdome,funding
249,Incognegro,negro,incognito
250,Instrumedley,medley,instrument
251,Lamprophrenia,phrenia,lampron (bright)
252,Lavalantula,tarantula,lava
253,Manimal,animal,man
254,Manster,monster,man
255,MANswers,answers,man
256,Menergy,energy,men
257,Morroblivion,Oblivion,Morrowind
258,Mutanimals,animals,mutant
259,Nintendogs,dogs,Nintendo
260,Notzilla,Godzilla,not
261,Piranhaconda,anaconda,piranha
262,Policenauts,astronaut,police
263,Pornograffitti,graffiti,pornography
264,Puppetoons,cartoons,puppets
265,Quantumania,mania,quantum
266,Religulous,ridiculous,religion
267,Returnal,eternal,return
268,Revolusongs,songs,revolution
269,Roblox,blocks,robot
270,Scribblenauts,astronauts,scribble
271,Seaspiracy,conspiracy,sea
272,Seussical,musical,Dr. Seuss
273,Sharknado,tornado,shark
274,Sharktopus,octopus,shark
275,Sidetalk,talk,sidewalk
276,Simpsorama,Futurama,The Simpsons
277,Skyblivion,The,The Elder Scrolls V: Skyrim
278,Skywind,Morrowind,The Elder Scrolls V: Skyrim
279,Somari,Mario,Sonic the Hedgehog
280,Spamalot,Camelot,Spam
281,SPAMasterpiece Theater,Masterpiece,SPAM
282,Splatoon,platoon,splat
283,Spontaneanation,nation,spontaneous
284,Talkartoons,cartoons,talk
285,ThanksKilling,killing,Thanksgiving
286,Threatmantics,romantics,threatening
287,Undertale,Fairy,underground
288,VelociPastor,pastor,Velociraptor
289,Workaholics,alcoholics,work
290,Zombeavers,beavers,zombie
291,Zoombies,zombies,zoo
292,Zootopia,utopia,zoo
293,bananacue,barbecue,banana
294,banilla,vanilla,banana
295,banoffee,toffee,banana
296,banoodles,noodles,bananas
297,barcade,arcade,bar
298,beefaroni,macaroni,beef
299,beerage,peerage,beer
300,Bisquick,quick,biscuit
301,broast,roast,broil
302,brunch,lunch,breakfast
303,Buffaranch,ranch,Buffalo sauce
304,camotecue,barbecue,Spanish camote (sweet potato)
305,cannabutter,butter,cannabis
306,chookie,cookie,cheesecake
307,chork,fork,chopsticks
308,Cinnabon,bun,cinnamon
309,crabocado,avocado,crab
310,Craisin,raisin,cranberry
311,CremeSavers,Lifesavers,creme
312,Croissan'wich,s,croissant
313,cronut,doughnut,croissant
314,Dijonnaise,mayonnaise,Dijon
315,dunch,lunch,dinner
316,Dunkaroos,kangaroos,dunk
317,enchalupa,chalupa,enchilada
318,Enchirito,burrito,enchilada
319,Fabanaise,mayonnaise,aquafaba
320,facon,bacon,fake
321,fawaffle,waffle,falafel
322,flavorite,favorite,flavor
323,flexitarian,vegetarian,flexible
324,freeganism,veganism,free
325,froyo,yogurt,frozen
326,Funfetti,confetti,fun
327,Funyuns,onions,fun
328,gastropub,public,gastronomy
329,glutose,fructose[1],glucose
330,Gogurt,yogurt,go
331,Hanch,ranch,hot sauce
332,Honeyracha,sriracha[8],honey
333,hufu,tofu,human
334,insinkerator,incinerator,sink
335,jizzcuit,biscuit,jizz
336,Ketchili,sweet,ketchup
337,knork,fork,knife
338,Kranch,ranch,ketchup
339,linner,"dinner,",lunch
340,Manwich,s,man
341,Mayochup,ketchup,mayonnaise
342,Mayocue,barbecue[10][11][12],mayonnaise
343,Mayomust,mustard[10][11][12],mayonnaise
344,Mayoracha,sriracha[13],mayonnaise
345,menma,machiku,ramen (拉麺)
346,pizzone,"calzone,",pizza
347,popsicle,icicle,pop
348,quesalupa,chalupa,quesadilla
349,quesarito,burrito,quesadilla
350,Rice-A-Roni,macaroni,rice
351,salsamole,guacamole,alsa
352,scromlette,omelette,scrambled eggs
353,snaccident,accident,snack
354,soylent,lentil,soy
355,soysage,sausage,soy
356,spatchcock,cock,dispatch
357,spife,knife,spoon
358,spoodle,ladle,spoon
359,sporf,knife,"spoon, fork"
360,spork,fork,spoon
361,sujeo,jeotgarak,"Korean sutgarak (숟가락, ""spoon"")"
362,Tarchup,ketchup[7],tartar sauce
363,tofurkey,turkey,tofu
364,totchos,nachos,tater tots
365,turducken,chicken,"turkey, duck,"
366,Vegenaise,mayonnaise,vegan
367,Wasabioli,aioli[7],wasabi
368,zoodles,noodles,zucchini
369,alcopop,pop,alcohol
370,appletini,martini,apple
371,beergarita,margarita,beer
372,bluberrita,margarita,blueberry
373,Clamato,tomato,clam
374,Coco Rico,Puerto,coconut
375,coffeetini,martini,coffee
376,cranberrita,margarita,cranberry
377,crantini,martini,cranberry
378,dollaritas,margaritas,dollar
379,flirtini,martini,flirt
380,frappuccino,cappuccino,frappé
381,gelatini,martini,gelatin
382,kegerator,refrigerator,keg
383,mangorita,margarita,mango
384,Meritage,heritage,merit
385,mocktail,cocktail,mock
386,Nespresso,espresso,Nestlé
387,Palcohol,alcohol,powder
388,raspberrita,margarita,raspberry
389,rumchata,horchata,spiced rum
390,saketini,martini,sake
391,scotchka,vodka,scotch
392,seltzerita,margarita,hard seltzer
393,Silk,milk,soy
394,strawberrita,margarita,strawberry
395,vodkatini,martini,vodka
396,broccoflower,cauliflower,broccoli
397,Brusselkale,kale,Brussels sprouts
398,caulini,broccolini,cauliflower
399,celtuce,lettuce,celery
400,citrange,orange[1],citron
401,citrangequat,kumquat,citrange
402,citrumelo,pommelo,citrus
403,garlion,onion[1],garlic
404,Grāpple,apple,grape
405,Kinnow,'Willow,'King' (Citrus nobilis)
406,lemonquat,kumquat,lemon
407,limequat,kumquat,Key lime
408,orangequat,kumquat,orange
409,parsnip,turnip[14][15][16][17][18],Pastinaca
410,peacherine,nectarine,peach
411,peacotum,plum,"peach, apricot"
412,pineberry,strawberry,pineapple
413,pluot,apricot,plum
414,pomato,tomato,potato
415,procimequat,limequat,primitive Hong Kong kumquat
416,sunchoke,artichoke,sunflower
417,tangelo,pomelo,tangerine
418,tomacco,"tobacco,",tomato
419,topepo,sweet,tomato
420,triticale,Secale,Triticum (wheat)
421,yuzuquat,kumquat,yuzu
422,Aberzombie,Abercrombie,zombie
423,absotively,positively,absolutely
424,acupressure,pressure,acupuncture
425,affluenza,influenza,affluence
426,airgasm,orgasm,air
427,Amerind peoples,Indian,American
428,Amerithrax,anthrax,American
429,Amshack,shack,Amtrak
430,anacronym,acronym,anachronism
431,analrapist,therapist,analyst
432,anecdata,data,anecdote
433,anticipointment,disappointment,anticipation
434,apronym,acronym,apropos
435,aquamation,cremation,aquatic
436,architourist,tourist,architecture
437,arcology,ecology,architecture
438,ascared,scared,afraid
439,automagical,magical,automatic
440,automobilia,memorabilia,automobile
441,avionics,electronics,aviation
442,backronym,acronym,backwards
443,bacne,acne,back
444,baffound,confound[1],baffle
445,balloonacy,lunacy[1],balloon
446,bankster,gangster,banker
447,barbell,dumbbell,bar
448,Barcalounger,lounger,Edward J. Barcalo
449,bedaffled,baffled,bedazzled
450,begpacking,backpacking,begging
451,beneffectance,effectance,beneficence
452,bicurious,curious,bisexual
453,Bionicle,chronicle,biological
454,blaccent,accent –,black
455,Blackanese,Chinese,black
456,Blasian,Asian,black
457,blizzaster,disaster[1],blizzard
458,blizzicane,hurricane,blizzard
459,blumpkin,pumpkin,blowjob
460,blurse,curse,blessing
461,bodacious,audacious,bold
462,boldacious,audacious[1],bold
463,booboisie,bourgeosie,boob
464,boregasm,orgasm,boring
465,bossnapping,kidnapping,boss
466,botel,hotel,boat
467,brainiac,maniac,brain
468,breathalyzer,analyzer,breath
469,brony,pony –,"""bro"""
470,broseph,Joseph,bro
471,brosephine,Josephine,bro
472,budtender,bartender,bud
473,bullycide,suicide,bullying
474,burble,gurgle[19][20],bubble
475,bussy,pussy,boy
476,cablegram,telegram[1],cable
477,camcorder,recorder,camera
478,cankles,ankles,calf
479,carbage,garbage[1],car
480,cardening,gardening,car
481,carjack,hijack,car
482,castrophony,cacophony,catastrophe
483,catio,patio,cat
484,Caucasity,audacity,Caucasian
485,celesbian,lesbian,celebrity
486,celebutante,debutante,celebrity
487,cellophane,diaphane,cellulose
488,chavtastic,fantastic,chav
489,chillax,relax,chill
490,Chinarello,Pinarello,China
491,chokebreaker,backbreaker,chokeslam
492,chortle,snort,chuckle
493,Chrismukkah,Hanukkah,Christmas
494,chuggers,muggers[1],charity
495,clussy,pussy,clown
496,complisult,insult[1],compliment
497,coopetition,competition,cooperation
498,copium,opium,cope
499,Count Chocula,chocolate,Count Dracula
500,covidiot,idiot,COVID-19
501,cremains,remains,cremate
502,crisitunity,opportunity,crisis
503,cryptanalysis,analysis,cryptogram
504,cryptex,codex,cryptology
505,cyberdelic,psychedelic,prefix cyber-
506,dadvice,advice,dad
507,disastrophe,catastrophe[1],disaster
508,Doxbridge,Cambridge,"Durham, Oxford,"
509,dramastic,drastic,dramatic
510,drilldo,dildo,drill
511,dumbfound,confound[22],dumb
512,Ebonics,phonics,ebony
513,ecoteur,saboteur,ecological
514,electrocute,execute,electric
515,factual,actual,fact
516,fakelore,folklore,fake
517,fantabulous,fabulous,fantastic
518,Farmageddon,Armageddon[1],farm
519,fatberg,iceberg,fat
520,fauxmance,romance,faux
521,fertigation,irrigation,fertilize
522,filmanthropy,philanthropy,film
523,finickity,persnickety,finicky
524,firenado,tornado,fire
525,flatterfied,terrified,flattered
526,Fleshlight,flesh,flashlight
527,flexicurity,security,flexibility
528,flimmer,glimmer[1],flicker
529,floof,poof,fluff
530,flotel,hotel,float
531,flounder,founder[23],flounce
532,fluff,puff[25][26],flue
533,flustrated,frustrated,flustered
534,fogbow,rainbow,fog
535,folksonomy,taxonomy,folk
536,folktronica,electronica,folk
537,foodlegger,bootlegger,food
538,fooligan,hooligan,fool
539,foolosophy,philosophy[1],fool
540,fratire,satire,fraternity
541,freeter,the,free (or perhaps freelance)
542,frenemy,enemy,friend
543,friendiversary,anniversary,friend
544,Friendsgiving,Thanksgiving,friends
545,frumious,furious,fuming
546,funemployed,unemployed,fun
547,funishment,punishment,fun
548,funtastic,fantastic,fun
549,fursona,persona,furry
550,gamestorming,brainstorming,games
551,galumphing,triumphant,galloping
552,gayby,baby,gay
553,gaydar,radar,gay
554,gaymer,gamer,gay
555,ginormous,enormous,gigantic
556,glamping,camping[1],glamour
557,glasphalt,asphalt[1],glass
558,globesity,obesity[1],global
559,Globish,English,global
560,glocalization,local[1],globalization
561,glasstic,plastic,glass
562,golliwog,polliwog,golly
563,grasscycling,recycling,grass
564,greenwash,whitewash,green
565,grillbilly,hillbilly,grill
566,guesstimate,estimate,guess
567,guyliner,"eyeliner,",guy
568,Halloweekend,weekend,Halloween
569,hangry,angry,hungry
570,hangxiety,anxiety,hangover
571,happenstance,circumstance,happening
572,harasshole,asshole,harassment
573,hasbian,lesbian,has been
574,hempcrete,concrete,hemp
575,herstory,history,her
576,himbo,bimbo,him
577,Hinglish,English,Hindi
578,Hinjew,Jew,Hinduism
579,hubot,robot,human
580,huggle,snuggle,hug
581,humanure,manure,human
582,hunty,cunt,honey
583,hurriquake,earthquake,hurricane
584,imagineering,engineering,imagination
585,indietronica,electronica,indie (independent)
586,insinuendo,innuendo,insinuate
587,interrobang,bang,interrogative
588,intertwingle,intermingle,intertwine
589,irregardless,regardless,irrespective
590,jasta,"staffel,",jäger
591,Jatimatic,automatic,Jali Timari [fi]
592,Juneteenth,nineteenth.,June
593,kidult,adult,kid
594,legiterally,literally,legitimately
595,linoleum,petroleum,linseed oil
596,mangina,vagina[29],man
597,manny,nanny,man
598,manosphere,atmosphere,man
599,Masshole,asshole,Massachusetts
600,mathlete,athlete,math
601,mechatronics,electronics,mechanical
602,meld,weld,melt
603,mimsy,flimsy,miserable
604,mizzle,drizzle,mist
605,mockney,Cockney,mock
606,momager,manager,mom
607,moobs,boobs,man
608,motel,hotel,motor
609,Movember,November[1],moustache
610,moxibustion,combustion,moxa
611,murdercide,suicide,murder
612,napalm,palmitate,naphthene
613,needcessity,necessity[1],need
614,neuticles,testicles,neutered
615,Nintendonitis,tendonitis,Nintendo
616,Nuyorican,Puerto,New York
617,Oxbridge,Cambridge,Oxford
618,palimony,alimony,pal
619,paratrooper,trooper,parachute
620,parkade,arcade,parking
621,Pastafarian,Rastafarian;,pasta
622,pegasister,sister,pegasus
623,permafrost,frost,permanent
624,Pictionary,dictionary,picture
625,pigloo,igloo,pig
626,Poglish,English,Polish
627,Portuñol,Español,Portuguese
628,prissy,fussy,prim
629,promposal,proposal,prom
630,proplifting,shoplifting,propagating
631,prostitot,tot,prostitute
632,protoflight,flight,prototype
633,prebuttal,rebuttal,preemptive
634,precap,recap,preemptive
635,preply,reply,preemptive
636,preport,report,preemptive
637,punny,funny,pun
638,pykrete,concrete,Geoffrey Pyke
639,rebar,bar,reinforced
640,religiose,gr,religious
641,Runglish,English,Russian
642,Quebexican,Mexican,Quebecois
643,sadgasm,orgasm,sad
644,satisficing,suffice,satisfy
645,Scattergories,categories,scattered
646,scribacious,loquacious[1],scribe
647,scuzzy,fuzzy,scummy
648,sexcapade,escapade,sex
649,sexercise,exercise,sex
650,sexhibition,exhibition,sex
651,sexpedition,expedition,sex
652,sexperience,experience,sex
653,sexperiment,experiment,sex
654,sexpert,expert,sex
655,sexpionage,espionage,sex
656,sexploitation,exploitation,sex
657,sexploration,exploration,sex
658,sexpo,expo,sex
659,sexterity,dexterity,sex
660,sexting,texting[1],sex
661,sextortion,extortion,sex
662,sextravaganza,extravaganza,sex
663,shamateur,amateur[1],sham
664,shamboo,bamboo,sham
665,shart,fart,shit
666,sheeple,people,sheep
667,shero,hero,she
668,shewee,weewee,she
669,shotcrete,concrete,shot
670,situationship,relationship,situational
671,skeezy,sleazy,sketchy
672,skinship,kinship,skin
673,skitching,hitching,skating
674,skyjack,hijack,sky
675,slacktivism,activism,slacker
676,slanguage,language,slang
677,sleepiphany,epiphany,sleep
678,slimsy,flimsy[31],slim
679,slithy,lithe,slimy
680,sliving,living,slaying
681,slofie,selfie,slow motion
682,slore,whore,slut
683,slunt,cunt,slut
684,smackaroons,doubloons,smackers
685,smaste,taste,smell
686,smaze,haze,smoke
687,smexy,sexy,smart
688,smirting,flirting,smoking
689,smize,eyes,smile
690,smog,fog[1],smoke
691,smothercate,suffocate[1],smother
692,snarf,scarf,snort
693,snark,remark,snide
694,snart,fart,sneeze
695,snatiation,satiation,sneeze
696,snazzy,jazzy,snappy
697,snice,ice,snow
698,snoregasm,orgasm,snore
699,snough,cough,sneeze
700,snowclone,clone,snowcone
701,Snowmageddon,Armageddon[1],snow
702,snowpocalypse,apocalypse,snow
703,solemncholy,melancholy[1],solemn
704,sorostitute,prostitute,sorority
705,Spermageddon,Armageddon,sperm
706,spermjacking,hijacking,sperm
707,splatter,spatter,splash
708,spottle,bottle,spots (cannabis)
709,sprelve,elve,sprite
710,splendiloquent,eloquent,splendid
711,spunion,onion,spun out
712,spunk,funk,spark
713,squarson,parson[1],squire
714,squelch,quench,"squash, quell,"
715,squiggle,wiggle,squirm
716,squircle,circle,square
717,squirl,twirl,squiggle
718,squizz,quiz,squint
719,starchitect,architect,star
720,stash,cache,store or stow
721,statite,satellite,static
722,staycation,vacation[1],stay
723,stealthie,selfie,stealth
724,steez,ease,style
725,stupidstitious,superstitious,stupid
726,swapportunity,"opportunity,",swap
727,swaption,option,swap
728,Taglish,English,Tagalog
729,tarmac,macadam,tar
730,telethon,marathon,television
731,tensegrity,integrity,tensional
732,testilying,lying,testifying
733,Thanksgivukkah,Hanukkah,Thanksgiving Day
734,thembo,bimbo,them
735,threepeat,repeat,three
736,thrussy,pussy,throat
737,tiparillo,cigarillo,tip
738,toonie,loonie,two
739,transceiver,receiver,transmitter
740,transistor,resistor,transfer
741,transmogrify,modify,transfigure
742,transponder,responder,transmitter
743,transvestigation,investigation,transgender
744,triggernometry,trigonometry,trigger
745,trilemma,dilemma,triple
746,trill,real,true
747,trimmigrant,immigrant,(cannabis) trimming
748,trustafarian,Rastafarian,trust fund
749,tween,between,teen
750,twincest,incest,twins
751,twirl,whirl[32][33],twist
752,unvitation,invitation,uninvited
753,utilidor,corridor,utilities
754,vacationship,relationship,vacation
755,vagenda,agenda,vagina
756,vagrant,migrant,vagabond
757,voluntourist,tourist,volunteer
758,vurp,burp,vomit
759,waithood,adulthood,wait
760,weediquette,etiquette,weed
761,weedsplain,explain,weed
762,Wenglish,English,Welsh
763,wikiquette,etiquette,wiki
764,Wiktionary,dictionary,wiki
765,workaholic,alcoholic,work
766,workiversary,anniversary,work
767,wuss,puss,wimp
768,yestergay,gay,yesterday
769,zombocalypse,apocalypse,zombie
770,HMS Zubian,HMS,parts of damaged HMS Zulu
771,alphanumeric,numeric,alphabetic
772,ASCIIbetical,alphabetical,ASCII
773,balun,unbalanced,balanced
774,bitmoji,emoji,bit
775,blogosphere,logosphere,blog
776,blorph,morph,blend
777,brogrammer,programmer[34],bro
778,brouter,router,bridge
779,bullshot,screenshot,bullshit
780,Chaturbate,masturbate,chat
781,codec,decoder,coder
782,concolic,symbolic,concrete
783,cryptography,Γραφή,κεκρυμμένος (hidden)
784,cryptocurrency,currency,cryptography
785,cybrarian,librarian,cyber
786,Darwine,WINE,Darwin
787,debconf,configuration,Debian
788,datacasting,broadcasting,data
789,dataveillance,surveillance,data
790,deepfake,fake,deep learning
791,desknote,notebook,desktop
792,digerati,literati,digital
793,emoticon,icon,emotion
794,favicon,icon,favourite
795,Fediverse,universe,federation
796,Finsta,Instagram,fake
797,frecency,recency,frequency
798,freemium,premium,free
799,Hackintosh,Macintosh,hack
800,hacktivism,activism,hack
801,Hatreon,Patreon,hate
802,incel,celibate,involuntary
803,Intellivision,television,intelligent
804,Joy-Con,controller,joystick
805,Jython,Python,Java
806,Kinect,connection,kinetic
807,knowledgebase,database,knowledge
808,Linux,Unix,Linus
809,listicle,article,list
810,Mactel,Intel,Macintosh
811,Markiplier,multiplier,the name Mark
812,memex,index,memory
813,Mii,me,Wii
814,Mobilegeddon,Armageddon,mobile
815,modem,demodulator,modulator
816,modmin,admin,moderator
817,Mozilla,Godzilla,"""mosaic killer"""
818,netiquette,etiquette,Internet
819,netizen,citizen,(Inter)net
820,phablet,tablet,phone
821,pharming,farming,phishing
822,phubbing,snubbing,phone
823,pixel,element,picture
824,podcast,broadcast,iPod
825,Privoxy,proxy,privacy
826,Project Chanology,Scientology,chan (a common suffix for the titles of imageboards)
827,QAnonsense,nonsense,QAnon
828,Raspbian,Debian,Raspberry Pi
829,reddiquette,etiquette,Reddit
830,resel,element,resolution
831,screenager,teenager,screen
832,screenshot,snapshot,screen
833,SerDes,deserialize,serialize
834,Skype,peer-to-peer,sky
835,spamdexing,indexing,spam
836,spamouflage,camouflage,spam
837,spaxel,pixel,spatial
838,sporgery,forgery,spam
839,texel,element,texture
840,textonym,synonym[1],text
841,Throwbot,robot,throw
842,treap,heap,tree
843,trixel,pixel,triangle
844,Twitterverse,universe,Twitter
845,upsert,insert,update
846,vlog,blog,video
847,vortal,portal[1],vertical
848,voxel,pixel,volume
849,wardriving,driving,wardialing
850,webcast,broadcast,World Wide Web
851,webinar,seminar,World Wide Web
852,webisode,episode,World Wide Web
853,webtoon,cartoon,World Wide Web
854,widget,gadget,window
855,Wikipedia,encyclopedia,wiki
856,Wintel,Intel,Windows
857,advertainment,entertainment,advertising
858,advertorial,editorial,advertising
859,entreporneur,porn,entrepreneur
860,innoventing,inventing,innovating
861,marchitecture,architecture,marketing
862,cineplex,complex,cinema
863,manufactroversy,controversy,manufacture
864,masstige,prestige,mass market
865,multiplex,complex –,multiple
866,petrodollar,dollar,petroleum
867,prosumer,consumer,either producer or professional
868,subvertising,advertising,subverting
869,telemarketing,marketing,telephone
870,tenderpreneur,entrepreneur,tendering
871,wantrepreneur,entrepreneur,want
872,Accenture,future,accent
873,Alitalia,Italia,Ali (Italian translation for wings)
874,Alstom,Thompson-Houston.,Alsace
875,Amtrak,track,American
876,Austar,star,Australia
877,Bapes,ape,bathing
878,Binance,finance,binary
879,Carvana,nirvāṇa,car
880,Citigroup,Travelers,Citicorp
881,Comcast,broadcast,communication
882,Compaq,quality,compatibility
883,Conservapedia,Wikipedia,conservative
884,Creamsicle,popsicle,cream
885,Danimals,animals,Dannon
886,Dash (cryptocurrency),Cash,Digital
887,Ecosia,Acacia,ecology
888,Edexcel,excellence,educational
889,Emergen-C,vitamin,emergency
890,Extell,intelligence,excellence
891,Froogle,Google,frugal
892,Fruitopia,utopia,fruit
893,Fudgsicle,popsicle,fudge
894,Funimation,animation,fun
895,Garmin,Min,Gary Burrell
896,Googleplex,complex,Google
897,Groupon,coupon,group
898,Ideanomics,economics,idea
899,Imagineering,Engineering,Imagine (or Imagination)
900,LATAM,TAM,Lan Airlines
901,Lenovo,"""novo""",Legend
902,Medi-Cal,California,medical
903,Medicaid,aid,medicine/medical
904,Medicare,care,medicine/medical
905,Netflix,flicks,internet
906,Nikon,Ikon,Nippon Kōgaku
907,Pinterest,interest,pin
908,Poo-Pourri,potpourri,poo
909,Popsicle,Epsicle,(soda) pop or lollipop
910,Qualcomm,Communications,Quality
911,RuPay,payment,rupee
912,Rustoleum,linoleum,rust
913,Spotify,identify,spot
914,Teletoon,cartoon,television
915,Toonami,tsunami,cartoon
916,Toshiba,Tokyo,Shibaura Seisaku-sho
917,Travelocity,velocity,travel
918,Triscuit,biscuit,electricity
919,Venezuelanalysis,analysis,Venezuela
920,Verizon,horizon,veritas (Latin for truth)
921,Victorinox,inox,Victoria (the company founder's mother)
922,Unilever,Lever,Margarine Unie
923,Wikimedia,media,Wikipedia
924,Yelp,help,yellow pages
925,Yosicle,popsicle,yogurt
926,AfPak,Pakistan,Afghanistan
927,Afrabia,Arabia,Africa
928,Afro-Eurasia,Asia,"Africa, Europe,"
929,Australasia,Asia,Australia
930,Benelux,"s,","Belgium, the Netherl"
931,Birome,Jerome,Bickham
932,BosWash,"Washington,",Boston
933,Brockton,Walkerton,"Brant, Greenock"
934,Calexico,Mexico,California
935,Calistoga,Saratoga,California
936,Canwood,s,Canadian woodl
937,Chambana,Urbana,Champaign
938,Chiberia,Siberia,Chicago
939,Chindia,India,China
940,Chiraq,Iraq,Chicago
941,Chimerica,America,China
942,Cotai,Taipa,Coloane
943,Czechoslovakia,Slovakia,Czechia
944,Dalworthington Gardens,Arlington,"Dallas, Fort Worth,"
945,Delmarva,",","Delaware, Maryl"
946,Delran Township,Rancocas,the Delaware River
947,Eurabia,Arabia,Europe
948,Eurasia,Asia,Europe
949,Fairborn,Osborn,Fairfield
950,Glenbard,Lombard,Glen Ellyn
951,Harvey Cedars,cedars,harvest
952,Hillcrest,Hazel,Country Club Hills
953,Hollansburg,Harl,Hollaman
954,Hotlanta,Atlanta,hot
955,Illiana,Indiana,Illinois
956,Indialantic,the,Indian River Lagoon
957,Irrigon,Oregon,irrigation
958,Jardee,Deeside,Jardanup
959,Kentuckiana,Indiana,Kentucky
960,Kormak,Oscar,Charles Korpela
961,Manchattan,Manhattan[35],Manchester
962,Mexicali,California,Mexico
963,Michiana,Indiana,Michigan
964,Navelencia,Valencia,navel
965,NYLON,London,New York City
966,Nylonkong,Hong,"New York City, London,"
967,Ohaton,Nanton,"the Osler, Hammond"
968,Pennsyltucky,Kentucky,Pennsylvania
969,Poictesme,"Angoulême,",the two French towns Poitiers
970,Sauk Prairie,Prairie,Sauk City
971,Scarberia,Siberia,Scarborough
972,Stravenue,avenue,street
973,Tamiami,Miami,Tampa
974,Tanzania,Zanzibar,Tanganyika
975,Taxachusetts,Massachusetts,taxation
976,Texarkana,Louisiana,"Texas, Arkansas,"
977,Texoma,Oklahoma,Texas
978,The Tridge,bridge,Tri-Cities
979,Valsetz,Siletz,the Valley
980,Vansterdam,Amsterdam,Vancouver
981,Willowick,"Wickliffe,",Willoughby
982,Woolaroc,rocks,"woods, lakes"
983,agitprop,propag,agitation
984,beurgeois,bourgeois,beur
985,Cocacolonization,colonization[1],Coca-Cola
986,Demoncrat,Democrat,demon
987,Eracism,racism,erase
988,feminazi,Nazi,feminist
989,kayaktivism,activism,kayaks
990,Merkozy,Nicolas,Angela Merkel
991,Obamacare,healthcare,Barack Obama
992,Obamney,Mitt,Barack Obama
993,precariat,proletariat,precarious
994,Putler,Adolf,Vladimir Putin
995,Rashism,fascism,Russia
996,Republicant,can't,Republican
997,Ruthanasia,euthanasia,Ruth Richardson
998,squirearchy,hierarchy[1],squire
999,Trumponomics,economics,Donald Trump
1000,Trumpster diving,dumpster,Donald Trump
1001,Trumpster fire,dumpster,Donald Trump
1002,warphans,orphans,war
1003,wikiality,reality,Wikipedia
1004,Zupta,Gupta,Jacob Zuma
1005,Abenomics,economics,Shinzō Abe
1006,Bidenomics,economics,Joe Biden
1007,Clintonomics,economics,Bill Clinton
1008,Freakonomics,economics,freak
1009,Moneygeddon,Armageddon,money
1010,Reaganomics,economics,Ronald Reagan
1011,Rogernomics,economics,Roger Douglas
1012,Rubinomics,economics,Robert Rubin
1013,shrinkflation,inflation,shrink
1014,stagflation,inflation[1],stagnation
1015,tipflation,inflation,tipping
1016,tokenomics,economics,token
1017,Trussonomics,economics,Liz Truss
1018,Volfefe index,covfefe,volatility
1019,Orbanomics,economics,Viktor Orbán
1020,agrihood,neighborhood,agriculture
1021,Berniecrat,ers,Bernie S
1022,Blexit,exit,black
1023,Brexit,exit,Britain
1024,Chrislam,Islam,Christianity
1025,Czexit,exit,Czech Republic
1026,Danexit,exit,Dane
1027,Dixiecrat,Democrat,Dixie
1028,Finland,,Finl
1029,Frexit,exit,France
1030,Grexit,exit,Greece
1031,Huxit,exit,Hungary
1032,Lexit,Brexit,left
1033,Nexit,s,Netherl
1034,Qultists,cultists,QAnon
1035,regrexit,Brexit,regret
1036,Roexit,exit,Romania
1037,Texit,exit,Texas
1038,thinspiration,inspiration,thin
1039,Trumpanzees,chimpanzees,Donald Trump
1040,abzyme,enzyme,antibody
1041,alkyd,id,alkyl (alcohol)
1042,ampacity,capacity,ampere
1043,aquaponics,hydroponics,aquaculture
1044,atomaniac,maniac,atom
1045,biomarker,marker,biological
1046,bionics,electronics,biology
1047,botox,toxin,botulism
1048,brinicle,icicle,brine
1049,caplet,tablet[38],capsule
1050,carborundum,corundum,carbon
1051,cermet,metal,ceramic
1052,chemokine,cytokine,chemotactic
1053,chemtrail,contrail,chemical
1054,contrail,trail,condensation
1055,cryptochrome,chromatic[39],cryptogam
1056,cultivar,variety,cultivated
1057,cyborg,organism,cybernetic
1058,diabesity,obesity,diabetes
1059,digipeater,repeater,digital
1060,electret,magnet[1],electricity
1061,endorphin,morphine,endogenous
1062,fogponics,aeroponics,fog
1063,genome,chromosome[40][41][42][43],gene
1064,geofact,artifact,geological
1065,gleeking,,sublingual gl
1066,glymphatic system,lymphatic,glial
1067,grism,prism,grating
1068,henipavirus,Nipah,Hendra virus
1069,hermaphrodite,Aphrodite,Hermes
1070,lavacicle,icicle,lava
1071,lidar,radar,light
1072,mafic,ferric,magnesium
1073,melatonin,serotonin,melanin
1074,memristor,transistor,memory
1075,mesohigh,high-pressure,mesoscale
1076,mesolow,low-pressure,mesoscale
1077,mesonet,network,mesoscale
1078,Nastronaut,astronaut,NASA
1079,nutraceutical,pharmaceutical,nutrition
1080,parsec,arcsecond,parallax
1081,pellistor,resistor,pellet
1082,permaculture,agriculture,permanent
1083,petrochemical,chemical,petroleum
1084,posistor,thermistor,positive
1085,positron,electron,positive
1086,prion,infection[44][45],protein
1087,proteome,genome,proteins
1088,pulsar,quasar,pulsating
1089,purine,urine,pure
1090,quoats,oats,quality
1091,radome,dome,radar
1092,redox,oxidation,reduction
1093,resorcin,orcin,resin
1094,rusticle,icicle,rust
1095,sedge,edge[46],saw-like
1096,Snuppy,puppy,SNU
1097,spintronic,electronics,spin
1098,sporabola,parabola,spore
1099,stiction,friction,static
1100,synzyme,enzyme,synthetic
1101,telematics,informatics,telecommunications
1102,thermistor,resistor,thermal
1103,tripledemic,p,triple
1104,trivection,convection,triple
1105,twindemic,p,twin
1106,urinalysis,analysis,urine
1107,vitamer,isomer,vitamin
1108,vitamin,amine,vita
1109,warfarin,coumarin,WARF (Wisconsin Alumni Research Foundation)
1110,wavicle,particle,wave
1111,athleisure,leisure,athletic
1112,boxercise,exercise,boxing
1113,dancercise,exercise,dancing
1114,Deaflympics,Olympics,deaf
1115,exercycle,bicycle,exercise
1116,flymph,nymph,fly (fishing)
1117,gun fu,kung,gun
1118,gymcel,incel,gym
1119,Gymkata,karate,gymnastics
1120,Gymkhana,Jama'at,gymnasium
1121,heelies,wheelie,heel
1122,heliskiing,skiing,helicopter
1123,Jazzercise,exercise,jazz
1124,Mobot,robot,Mo (Farah)
1125,Motocross,cross,motorcycle
1126,Monzanapolis,Indianapolis,Monza
1127,Paralympics,Olympics,parallel (originally paraplegic)
1128,parasailing,sailing,parachute
1129,plogging,jogging,“plocka” (Swedish “pick up”)
1130,Prancercise,exercise,prance
1131,SerAndy,Sir,Serena Williams
1132,slurve,curve,slider
1133,snuba,scuba,snorkel
1134,squipper,fitter,"survival, equipment,"
1135,TaeBo,boxing,Taekwondo
1136,twi-night,night,twilight
1137,wallyball,volleyball,wall
1138,Bakerloo line,Waterloo,Baker Street
1139,boatercycle,motorcycle,boat
1140,Borismaster,AEC,Boris Johnson
1141,boxster,roadster,boxer engine
1142,Chunnel,tunnel,(English) Channel
1143,flaperon,aileron,flap
1144,frunk,trunk,front
1145,Ioniq,unique,ion
1146,Jeepster,roadster,Jeep
1147,jetiquette,etiquette,jet
1148,moped,pedal,motor
1149,motorcade,cavalcade,motor
1150,motorcycle,bicycle,motorized
1151,Onevia,Silvia,180SX (front)
1152,Proudia,diamond,proud
1153,Sileighty,180SX,Silvia (front)
1154,Sunfire,Pontiac,Pontiac Sunbird
1155,taxicab,cabriolet,taximeter
1156,Toppo,the,top (roof)
1157,trimaran,catamaran,triple
1158,tritoon,pontoon,triple
1159,truggy,dune,pick-up truck
1160,vanbulance,ambulance,van
1161,Venza,Monza,venture
