information,ˌɪnfərˈmeɪʃ(ə)n
available,əˈveɪləb(ə)l
copyright,ˈkɑpiˌraɪt
university,ˌjunəˈvərsədi
management,ˈmænɪdʒmənt
international,ˌɪn(t)ərˈnæʃ(ə)nəl
development,dəˈvɛləpmənt
education,ˌɛdʒəˈkeɪʃ(ə)n
community,kəˈmjunədi
technology,tɛkˈnɑlədʒi
following,ˈfɑloʊɪŋ
including,ɪnˈkludɪŋ
directory,dəˈrɛkt(ə)ri
government,ˈɡəvər(n)mənt
department,dəˈpɑrtmənt
description,dəˈskrɪpʃən
insurance,ɪnˈʃʊrəns
different,ˈdɪf(ə)rənt
september,sɛpˈtɛmbər
application,ˌæpləˈkeɪʃ(ə)n
financial,fəˈnæn(t)ʃ(ə)l
equipment,əˈkwɪpmənt
performance,pərˈfɔrməns
experience,ɪkˈspɪriəns
important,ɪmˈpɔrt(ə)nt
additional,əˈdɪʃənl
something,ˈsəmˌθɪŋ
professional,prəˈfɛʃ(ə)nəl
committee,kəˈmɪdi
washington,ˈwɔʃɪŋtən
california,ˌkæləˈfɔrnjə
reference,ˈrɛf(ə)rəns
president,ˈprɛzəˌdɛnt
australia,ɔˈstreɪljə
discussion,dəˈskəʃən
entertainment,ˌɛn(t)ərˈteɪnmənt
agreement,əˈɡrim(ə)nt
marketing,ˈmɑrkədɪŋ
association,əˌsoʊsiˈeɪʃən
collection,kəˈlɛkʃən
electronics,əˌlɛkˈtrɑnɪks
technical,ˈtɛknək(ə)l
conference,ˈkɑnf(ə)rəns
environment,ənˈvaɪrə(n)m(ə)nt
statement,ˈsteɪtmənt
individual,ˌɪndəˈvɪdʒ(ə)wəl
subscribe,səbˈskraɪb
everything,ˈɛv(ə)riˌθɪŋ
production,prəˈdəkʃ(ə)n
commercial,kəˈmərʃəl
advertising,ˈædvərˌtaɪzɪŋ
treatment,ˈtritmənt
newsletter,ˈnuzˌlɛdər
knowledge,ˈnɑlədʒ
currently,ˈkərəntli
construction,kənˈstrəkʃ(ə)n
registered,ˈrɛdʒəstərd
protection,prəˈtɛkʃ(ə)n
engineering,ˌɛndʒəˈnɪrɪŋ
published,ˈpəblɪʃt
corporate,ˈkɔrp(ə)rət
political,pəˈlɪdək(ə)l
advertise,ˈædvərˌtaɪz
environmental,ənˌvaɪrə(n)ˈmɛn(t)l
availability,əˌveɪləˈbɪlədi
employment,ɪmˈplɔɪm(ə)nt
commission,kəˈmɪʃən
administration,ədˌmɪnəˈstreɪʃ(ə)n
institute,ˈɪnstəˌtut
sponsored,ˈspɑn(t)sərd
electronic,əˌlɛkˈtrɑnɪk
condition,kənˈdɪʃən
effective,əˈfɛktɪv
organization,ˌɔrɡənəˈzeɪʃ(ə)n
selection,səˈlɛkʃən
corporation,ˌkɔrpəˈreɪʃən
executive,ɪɡˈzɛkjədɪv
necessary,ˈnɛsəˌsɛri
according,əˈkɔrdɪŋ
particular,pə(r)ˈtɪkjələr
appropriate,əˈproʊpriət
statistics,stəˈtɪstɪks
investment,ɪnˈvɛs(t)m(ə)nt
christmas,ˈkrɪsməs
registration,ˌrɛdʒəˈstrəɪʃ(ə)n
furniture,ˈfərnətʃər
wednesday,ˈwɛnzˌdeɪ
structure,ˈstrək(t)ʃər
distribution,ˌdɪstrəˈbjuʃən
industrial,ɪnˈdəstriəl
potential,pəˈtɛn(t)ʃ(ə)l
responsible,rəˈspɑnsəb(ə)l
associated,əˈsoʊsiˌeɪdəd
dictionary,ˈdɪkʃəˌnɛri
accounting,əˈkaʊn(t)ɪŋ
manufacturing,ˌmæn(j)əˈfæktʃərɪŋ
professor,prəˈfɛsər
generally,ˈdʒɛn(ə)rəli
continued,kənˈtɪnjud
permission,pərˈmɪʃ(ə)n
generation,ˌdʒɛnəˈreɪʃ(ə)n
component,kəmˈpoʊnənt
guarantee,ˌɡɛrənˈti
paperback,ˈpeɪpərˌbæk
competition,ˌkɑmpəˈtɪʃən
administrative,ədˈmɪnəˌstreɪdɪv
essential,əˈsɛn(t)ʃ(ə)l
affiliate,əˈfɪliˌeɪt
immediately,ɪˈmidiətli
integrated,ˈɪn(t)əˌɡreɪdəd
configuration,kənˌfɪɡ(j)əˈreɪʃ(ə)n
comprehensive,ˌkɑmprəˈhɛnsɪv
universal,ˌjunəˈvərs(ə)l
presentation,ˌpriˌzɛnˈteɪʃ(ə)n
compliance,kəmˈplaɪəns
improvement,ɪmˈpruvmənt
pennsylvania,ˌpɛnsəlˈveɪnjə
challenge,ˈtʃæləndʒ
acceptance,əkˈsɛpt(ə)ns
multimedia,ˌməltiˈmidiə
certified,ˈsərdəˌfaɪd
computing,kəmˈpjudɪŋ
interactive,ˌɪn(t)ərˈæktɪv
procedure,prəˈsidʒər
leadership,ˈlidərˌʃɪp
religious,rəˈlɪdʒəs
breakfast,ˈbrɛkfəst
developer,dəˈvɛləpər
approximately,əˈprɑksəmətli
comparison,kəmˈpɛrəs(ə)n
automatically,ˌɔdəˈmædək(ə)li
minnesota,ˌmɪnəˈsoʊdə
adventure,ədˈvɛn(t)ʃər
assistant,əˈsɪstnt
advertisement,ˈædvərˌtaɪzm(ə)nt
yesterday,ˈjɛstərˌdeɪ
determined,dəˈtərmənd
reasonable,ˈrizənəb(ə)l
broadband,ˈbrɔdˌbænd
influence,ˈɪnflʊəns
importance,ɪmˈpɔrtns
webmaster,ˈwɛbˌmæstər
prescription,priˈskrɪpʃ(ə)n
specifically,spəˈsɪfək(ə)li
represent,ˌrɛprəˈzɛnt
conservation,ˌkɑnsərˈveɪʃən
louisiana,ˌluiziˈænə
javascript,ˈdʒɑvəˌskrɪp(t)
marketplace,ˈmɑrkətˌpleɪs
evolution,ˌɛvəˈluʃ(ə)n
concerned,kənˈsərnd
encyclopedia,ɪnˌsaɪkləˈpidiə
continuing,kənˈtɪnjuɪŋ
interracial,ˌɪn(t)ərˈreɪʃ(ə)l
competitive,kəmˈpɛdədɪv
preparation,ˌprɛpəˈreɪʃ(ə)n
accordance,əˈkɔrdns
elizabeth,əˈlɪzəbəθ
instruction,ɪnˈstrəkʃ(ə)n
annotation,ˌænəˈteɪʃən
establish,əˈstæblɪʃ
paragraph,ˈpɛrəˌɡræf
mathematics,ˌmæθ(ə)ˈmædɪks
compensation,ˌkɑmpənˈseɪʃ(ə)n
conducted,kənˈdək(t)əd
percentage,pərˈsɛn(t)ɪdʒ
mississippi,ˌmɪsəˈsɪpi
connecticut,kəˈnɛdəkət
immediate,ɪˈmidiət
agricultural,ˌæɡrəˈkəltʃ(ə)rəl
supporting,səˈpɔrdɪŋ
participate,pɑrˈtɪsəˌpeɪt
specialist,ˈspɛʃ(ə)ləst
experienced,ɪkˈspɪriənst
investigation,ɪnˌvɛstəˈɡeɪʃ(ə)n
institution,ˌɪnstəˈtuʃən
searching,ˈsərtʃɪŋ
proceedings,prəˈsidɪŋz
transmission,trænzˈmɪʃən
extremely,ɪkˈstrimli
concerning,kənˈsərnɪŋ
chemistry,ˈkɛməstri
curriculum,kəˈrɪkjələm
psychology,saɪˈkɑlədʒi
identification,aɪˌdɛn(t)əfəˈkeɪʃ(ə)n
elementary,ˌɛləˈmɛnt(ə)ri
unlimited,ˌənˈlɪmədəd
printable,ˈprɪn(t)əb(ə)l
enforcement,ɪnˈfɔrsm(ə)nt
hardcover,ˈhɑrdˌkəvər
celebrity,səˈlɛbrədi
chocolate,ˈtʃɑk(ə)lət
hampshire,ˈhæm(p)ʃər
bluetooth,ˈbluˌtuθ
controlled,kənˈtroʊld
requirement,rəˈkwaɪ(ə)rm(ə)nt
pregnancy,ˈprɛɡnənsi
biography,baɪˈɑɡrəfi
authorized,ˈɔθəˌraɪzd
retirement,rəˈtaɪ(ə)rm(ə)nt
efficiency,əˈfɪʃənsi
efficient,əˈfɪʃənt
commitment,kəˈmɪtm(ə)nt
specialty,ˈspɛʃ(ə)lti
qualified,ˈkwɑləˌfaɪd
discovery,dəˈskəv(ə)ri
classified,ˈklæsəˌfaɪd
confidence,ˈkɑnfəd(ə)ns
lifestyle,ˈlaɪfˌstaɪl
consistent,kənˈsɪst(ə)nt
clearance,ˈklɪrəns
inventory,ˈɪnvənˌtɔri
converter,kənˈvərdər
objective,əbˈdʒɛktɪv
volunteer,ˌvɑlənˈtɪr
democratic,ˌdɛməˈkrædɪk
switzerland,ˈswɪtsərlənd
parameter,pəˈræmədər
processor,ˈprɑˌsɛsər
contribute,kənˈtrɪbjut
recognition,ˌrɛkəɡˈnɪʃ(ə)n
submission,səbˈmɪʃən
encourage,ɪnˈkərɪdʒ
regulatory,ˈrɛɡjələˌtɔri
inspection,ɪnˈspɛkʃ(ə)n
territory,ˈtɛrəˌtɔri
transaction,trænˈzækʃən
manchester,ˈmæntʃəstər
continuous,kənˈtɪnjəwəs
resulting,rəˈzəltɪŋ
cambridge,ˈkeɪmˌbrɪdʒ
initiative,ɪˈnɪʃədɪv
execution,ˌɛksəˈkjuʃ(ə)n
disability,ˌdɪsəˈbɪlədi
contractor,ˈkɑntræktər
continuous,kənˈtɪnjəwəs
resulting,rəˈzəltɪŋ
cambridge,ˈkeɪmˌbrɪdʒ
initiative,ɪˈnɪʃədɪv
execution,ˌɛksəˈkjuʃ(ə)n
disability,ˌdɪsəˈbɪlədi
contractor,ˈkɑntræktər
examination,ɪɡˌzæməˈneɪʃ(ə)n
committed,kəˈmɪdəd
extensive,ɪkˈstɛnsɪv
affordable,əˈfɔrdəb(ə)l
candidate,ˈkæn(d)əˌdeɪt
outstanding,ˌaʊtˈstændɪŋ
perspective,pərˈspɛktɪv
messenger,ˈmɛsndʒər
tournament,ˈtərnəm(ə)nt
consideration,kənˌsɪdərˈeɪʃən
caribbean,ˌkɛrəˈbiən
reservation,ˌrɛzərˈveɪʃ(ə)n
remaining,rəˈmeɪnɪŋ
expansion,ɪkˈspænʃ(ə)n
collected,kəˈlɛktəd
absolutely,ˈæbsəˌlutli
implement,ˈɪmpləmənt
scheduled,ˈskɛˌdʒuld
calculator,ˈkælkjəˌleɪdər
significantly,səɡˈnɪfəkən(t)li
temporary,ˈtɛmpəˌrɛri
sufficient,səˈfɪʃ(ə)nt
awareness,əˈwɛrnəs
vancouver,vænˈkuvər
contribution,ˌkɑntrəˈbjuʃən
measurement,ˈmɛʒərm(ə)nt
constitution,ˌkɑnstəˈtuʃ(ə)n
packaging,ˈpækədʒɪŋ
consultation,ˌkɑnsəlˈteɪʃ(ə)n
northwest,ˈnɔrθˈwɛst
classroom,ˈklæsˌrum
democracy,dəˈmɑkrəsi
wallpaper,ˈwɔlˌpeɪpər
merchandise,ˈmərtʃənˌdaɪz
resistance,rəˈzɪst(ə)ns
baltimore,ˈbɔltəˌmɔr
charlotte,ˈʃɑrlət
biological,ˌbaɪəˈlɑdʒək(ə)l
transition,trænˈzɪʃ(ə)n
instrument,ˈɪnstrəmənt
classification,ˌklæsəfəˈkeɪʃən
physician,fəˈzɪʃ(ə)n
hollywood,ˈhɑliˌwʊd
spiritual,ˈspɪrətʃ(əw)əl
relatively,ˈrɛlədəvli
satisfaction,ˌsædəsˈfækʃən
pittsburgh,ˈpɪtsˌbərɡ
intellectual,ˌɪn(t)əˈlɛk(t)ʃ(əw)əl
comfortable,ˈkəmfərdəb(ə)l
interaction,ˌɪn(t)ərˈækʃ(ə)n
effectively,əˈfɛktəvli
experimental,ɪkˌspɛrəˈmɛn(t)l
revolution,ˌrɛvəˈluʃ(ə)n
consolidation,kənˌsɑləˈdeɪʃ(ə)n
landscape,ˈlæn(d)ˌskeɪp
dependent,dəˈpɛnd(ə)nt
mechanical,məˈkænək(ə)l
continuous,kənˈtɪnjəwəs
resulting,rəˈzəltɪŋ
cambridge,ˈkeɪmˌbrɪdʒ
initiative,ɪˈnɪʃədɪv
execution,ˌɛksəˈkjuʃ(ə)n
disability,ˌdɪsəˈbɪlədi
contractor,ˈkɑntræktər
examination,ɪɡˌzæməˈneɪʃ(ə)n
