information,"['ˌɪnfərˈmeɪʃ(ə)n', 'ˌɪnfəˈmeɪʃn']"
available,"['əˈveɪləb(ə)l', 'əˈveɪləbl']"
copyright,"['ˈkɒpɪrʌɪt', 'ˈkɑpiˌraɪt']"
university,"['ˌjunəˈvərsədi', 'ˌjuːnɪˈvəːsɪti']"
management,"['ˈmænɪdʒmənt', 'ˈmanɪdʒm(ə)nt']"
international,"['ˌɪntəˈnaʃən(ə)l', 'ˌɪn(t)ərˈnæʃ(ə)nəl']"
development,"['dɪˈvɛləpm(ə)nt', 'dəˈvɛləpmənt']"
education,"['ˌɛdʒəˈkeɪʃ(ə)n', 'ˌɛdjʊˈkeɪʃn']"
community,"['kəˈmjunədi', 'kəˈmjuːnɪti']"
technology,"['tɛkˈnɑlədʒi', 'tɛkˈnɒlədʒi']"
following,"['ˈfɑloʊɪŋ', 'ˈfɒləʊɪŋ']"
including,"['ɪnˈkluːdɪŋ', 'ɪŋˈkludɪŋ', 'ɪnˈkludɪŋ']"
directory,"['dʌɪˈrɛkt(ə)ri', 'dɪˈrɛkt(ə)ri', 'dəˈrɛkt(ə)ri', 'daɪˈrɛkt(ə)ri']"
government,"['ˈɡəvər(n)mənt', 'ˈɡʌvəm(ə)nt', 'ˈɡʌvnm(ə)nt']"
department,"['dɪˈpɑːtm(ə)nt', 'dəˈpɑrtmənt']"
description,"['dɪˈskrɪpʃn', 'dəˈskrɪpʃən']"
insurance,"['ɪnˈʃʊrəns', 'ˈɪnˌʃərəns', 'ɪnˈʃʊərəns', 'ɪnˈʃɔːrəns']"
different,['ˈdɪf(ə)rənt']
september,"['sɛpˈtɛmbər', 'sɛpˈtɛmbə']"
application,"['ˌaplɪˈkeɪʃn', 'ˌæpləˈkeɪʃ(ə)n']"
financial,"['fɪˈnanʃl', 'fʌɪˈnanʃl', 'fəˈnæn(t)ʃ(ə)l', 'faɪˈnæn(t)ʃ(ə)l']"
equipment,"['əˈkwɪpmənt', 'ɪˈkwɪpm(ə)nt']"
performance,"['pərˈfɔrməns', 'pəˈfɔːməns']"
experience,"['ɛkˈspɪərɪəns', 'ɪkˈspɪərɪəns', 'ɪkˈspɪriəns']"
important,"['ɪmˈpɔːtnt', 'ɪmˈpɔrt(ə)nt']"
something,"['ˈsəmˌθɪŋ', 'ˈsʌmθɪŋ']"
professional,"['prəˈfɛʃən(ə)l', 'prəˈfɛʃ(ə)nəl']"
committee,"['kəˈmɪdi', 'kəˈmɪti']"
washington,"['ˈwɔʃɪŋtən', 'ˈwɑʃɪŋtən', 'ˈwɒʃɪŋt(ə)n']"
reference,['ˈrɛf(ə)rəns']
president,"['ˈprɛzɪd(ə)nt', 'ˈprɛzəˌdɛnt']"
australia,"['əˈstreɪlɪə', 'ɑˈstreɪljə', 'ɔˈstreɪljə', 'ɒˈstreɪlɪə']"
discussion,"['dəˈskəʃən', 'dɪˈskʌʃn']"
entertainment,"['ˌɛntəˈteɪnm(ə)nt', 'ˌɛn(t)ərˈteɪnmənt']"
agreement,"['əˈɡriːm(ə)nt', 'əˈɡrim(ə)nt']"
marketing,"['ˈmɑrkədɪŋ', 'ˈmɑːkɪtɪŋ']"
association,"['əˌsoʊʃiˈeɪʃən', 'əˌsəʊʃɪˈeɪʃn', 'əˌsoʊsiˈeɪʃən', 'əˌsəʊsɪˈeɪʃn']"
collection,"['kəˈlɛkʃən', 'kəˈlɛkʃn']"
electronics,"['ɪˌlɛkˈtrɒnɪks', 'ˌɛlɛkˈtrɒnɪks', 'əˌlɛkˈtrɑnɪks']"
technical,"['ˈtɛknɪkl', 'ˈtɛknək(ə)l']"
conference,"['ˈkɒnf(ə)rəns', 'ˈkɑnf(ə)rəns']"
environment,"['ənˈvaɪ(ə)rnm(ə)nt', 'ɛnˈvʌɪrə(n)m(ə)nt', 'ɛnˈvaɪrə(n)m(ə)nt', 'ənˈvaɪrə(n)m(ə)nt', 'ɪnˈvʌɪrə(n)m(ə)nt', 'ɛnˈvaɪ(ə)rnm(ə)nt']"
statement,"['ˈsteɪtm(ə)nt', 'ˈsteɪtmənt']"
individual,"['ˌɪndɪˈvɪdʒʊəl', 'ˌɪndəˈvɪdʒ(ə)l', 'ˌɪndəˈvɪdʒ(ə)wəl']"
subscribe,"['səbˈskrʌɪb', 'səbˈskraɪb']"
everything,"['ˈɛv(ə)riˌθɪŋ', 'ˈɛvrɪθɪŋ']"
production,"['prəˈdʌkʃn', 'prəˈdəkʃ(ə)n']"
commercial,"['kəˈmərʃəl', 'kəˈməːʃl']"
advertising,"['ˈadvətʌɪzɪŋ', 'ˈædvərˌtaɪzɪŋ']"
treatment,"['ˈtriːtm(ə)nt', 'ˈtritmənt']"
newsletter,"['ˈnuzˌlɛdər', 'ˈnjuːzˌlɛtə']"
knowledge,"['ˈnɒlɪdʒ', 'ˈnɑlədʒ']"
currently,"['ˈkʌrəntli', 'ˈkərəntli']"
construction,"['kənˈstrʌkʃn', 'kənˈstrəkʃ(ə)n']"
registered,"['ˈrɛdʒəstərd', 'ˈrɛdʒɪstəd']"
protection,"['prəˈtɛkʃn', 'prəˈtɛkʃ(ə)n']"
engineering,"['ˌɛn(d)ʒɪˈnɪərɪŋ', 'ˌɛndʒəˈnɪrɪŋ']"
published,"['ˈpʌblɪʃt', 'ˈpəblɪʃt']"
corporate,"['ˈkɔːp(ə)rət', 'ˈkɔrp(ə)rət']"
political,"['pəˈlɪtɪkl', 'pəˈlɪdək(ə)l']"
advertise,"['ˈædvərˌtaɪz', 'ˈadvətʌɪz']"
environmental,"['ɛnˌvaɪ(ə)rnˈmɛn(t)l', 'ɛnˌvʌɪrə(n)ˈmɛntl', 'ənˌvaɪ(ə)rnˈmɛn(t)l', 'ənˌvaɪrə(n)ˈmɛn(t)l', 'ɛnˌvaɪrə(n)ˈmɛn(t)l', 'ɪnˌvʌɪrə(n)ˈmɛntl']"
availability,"['əˌveɪləˈbɪlɪti', 'əˌveɪləˈbɪlədi']"
employment,"['ɪmˈplɔɪm(ə)nt', 'ɛmˈplɔɪm(ə)nt']"
commission,"['kəˈmɪʃn', 'kəˈmɪʃən']"
administration,"['ədˌmɪnɪˈstreɪʃn', 'ədˌmɪnəˈstreɪʃ(ə)n']"
institute,"['ˈɪnstɪtjuːt', 'ˈɪnstəˌtut']"
sponsored,"['ˈspɑn(t)sərd', 'ˈspɒnsəd']"
electronic,"['ˌɛlɛkˈtrɒnɪk', 'əˌlɛkˈtrɑnɪk', 'ɪˌlɛkˈtrɒnɪk']"
condition,"['kənˈdɪʃn', 'kənˈdɪʃən']"
effective,"['ɪˈfɛktɪv', 'əˈfɛktɪv']"
organization,"['ˌɔrɡəˌnaɪˈzeɪʃ(ə)n', 'ˌɔːɡənʌɪˈzeɪʃn', 'ˌɔrɡənəˈzeɪʃ(ə)n']"
selection,"['səˈlɛkʃən', 'sɪˈlɛkʃn']"
corporation,"['ˌkɔːpəˈreɪʃn', 'ˌkɔrpəˈreɪʃən']"
executive,"['ɛɡˈzɛkjədɪv', 'ɪɡˈzɛkjʊtɪv', 'ɪɡˈzɛkjədɪv', 'ɛɡˈzɛkjʊtɪv']"
necessary,"['ˈnɛsɪs(ə)ri', 'ˈnɛsəˌsɛri']"
according,"['əˈkɔːdɪŋ', 'əˈkɔrdɪŋ']"
particular,"['pə(r)ˈtɪkjələr', 'pəˈtɪkjʊlə']"
appropriate,"['əˈproʊpriət', 'əˈprəʊprɪət']"
statistics,['stəˈtɪstɪks']
investment,['ɪnˈvɛs(t)m(ə)nt']
christmas,['ˈkrɪsməs']
registration,"['ˌrɛdʒəˈstrəɪʃ(ə)n', 'ˌrɛdʒɪˈstreɪʃn']"
furniture,"['ˈfərnətʃər', 'ˈfəːnɪtʃə']"
wednesday,"['ˈwɛnzdeɪ', 'ˈwɛnzˌdeɪ', 'ˈwɛnzdi']"
structure,"['ˈstrək(t)ʃər', 'ˈstrʌktʃə']"
distribution,"['ˌdɪstrəˈbjuʃən', 'ˌdɪstrɪˈbjuːʃn']"
industrial,"['ɪnˈdəstriəl', 'ɪnˈdʌstrɪəl']"
potential,"['pəˈtɛn(t)ʃ(ə)l']"
responsible,"['rəˈspɑnsəb(ə)l', 'rɪˈspɒnsɪbl']"
associated,"['əˈsəʊsɪeɪtɪd', 'əˈsəʊʃɪeɪtɪd', 'əˈsoʊʃiˌeɪdəd', 'əˈsoʊsiˌeɪdəd']"
dictionary,"['ˈdɪkʃən(ə)ri', 'ˈdɪkʃəˌnɛri']"
accounting,"['əˈkaʊntɪŋ', 'əˈkaʊn(t)ɪŋ']"
manufacturing,"['ˌmæn(j)əˈfæktʃərɪŋ', 'ˌmanjʊˈfaktʃərɪŋ']"
professor,"['prəˈfɛsər', 'prəˈfɛsə']"
generally,['ˈdʒɛn(ə)rəli']
continued,"['kənˈtɪnjud', 'kənˈtɪnjuːd']"
permission,"['pərˈmɪʃ(ə)n', 'pəˈmɪʃn']"
generation,"['ˌdʒɛnəˈreɪʃn', 'ˌdʒɛnəˈreɪʃ(ə)n']"
component,"['kəmˈpoʊnənt', 'kəmˈpəʊnənt']"
guarantee,"['ˈɡɛrənˌti', 'ˌɡarənˈtiː', 'ˌɡɛrənˈti']"
paperback,"['ˈpeɪpəbak', 'ˈpeɪpərˌbæk']"
competition,"['ˌkɒmpɪˈtɪʃn', 'ˌkɑmpəˈtɪʃən']"
administrative,"['ədˈmɪnəˌstreɪdɪv', 'ədˈmɪnɪstrətɪv']"
essential,"['ɪˈsɛnʃl', 'əˈsɛn(t)ʃ(ə)l']"
affiliate,"['əˈfɪliˌeɪt', 'əˈfɪlɪeɪt']"
immediately,"['ɪˈmiːdɪətli', 'ɪˈmiːdʒətli', 'ɪˈmidiətli']"
integrated,"['ˈɪntɪɡreɪtɪd', 'ˈɪn(t)əˌɡreɪdəd']"
configuration,"['kənˌfɪɡ(j)əˈreɪʃ(ə)n', 'kənˌfɪɡəˈreɪʃn', 'kənˌfɪɡjʊˈreɪʃn']"
comprehensive,"['ˌkɒmprɪˈhɛnsɪv', 'ˌkɑmprəˈhɛnsɪv']"
universal,"['ˌjuːnɪˈvəːsl', 'ˌjunəˈvərs(ə)l']"
presentation,"['ˌprɛznˈteɪʃn', 'ˌpriˌzɛnˈteɪʃ(ə)n']"
compliance,"['kəmˈplʌɪəns', 'kəmˈplaɪəns']"
improvement,"['ɪmˈpruːvm(ə)nt', 'ɪmˈpruvmənt']"
pennsylvania,"['ˌpɛnsəlˈveɪnjə', 'ˌpɛns(ɪ)lˈveɪnɪə']"
challenge,"['ˈtʃæləndʒ', 'ˈtʃalɪn(d)ʒ']"
acceptance,['əkˈsɛpt(ə)ns']
multimedia,"['ˌmʌltɪˈmiːdɪə', 'ˌməltiˈmidiə']"
certified,"['ˈsərdəˌfaɪd', 'ˈsəːtɪfʌɪd']"
computing,"['kəmˈpjuːtɪŋ', 'kəmˈpjudɪŋ']"
interactive,"['ˌɪn(t)ərˈæktɪv', 'ˌɪntərˈaktɪv']"
procedure,"['prəˈsidʒər', 'prəˈsiːdʒə']"
leadership,"['ˈliːdəʃɪp', 'ˈlidərˌʃɪp']"
religious,"['rɪˈlɪdʒəs', 'rəˈlɪdʒəs']"
breakfast,['ˈbrɛkfəst']
